{"count":1,"self":75.742688,"total":81.0115813,"children":{"AgentSendState":{"count":3796,"self":0.27684139999999996,"total":0.60876279999999994,"children":{"CollectObservations":{"count":1520,"self":0.0880705,"total":0.0880705,"children":null},"CollectDiscreteActionMasks":{"count":1520,"self":0.014023599999999999,"total":0.014023599999999999,"children":null},"RayPerceptionSensor.Perceive":{"count":2280,"self":0.22982729999999998,"total":0.22982729999999998,"children":null}}},"DecideAction":{"count":3796,"self":4.2072731999999995,"total":4.4251797999999996,"children":{"RayPerceptionSensor.Perceive":{"count":2280,"self":0.2179065,"total":0.2179065,"children":null}}},"AgentAct":{"count":3796,"self":0.23194109999999998,"total":0.23194109999999998,"children":null}},"gauges":{},"metadata":{"timer_format_version":"0.1.0","start_time_seconds":"1596554823","unity_version":"2019.3.13f1","command_line_arguments":"G:\\unity new vers\\2019.3.13f1\\Editor\\Unity.exe -projectpath G:\/TOC combine ass\/TOC Final Exam - Project -useHub -hubIPC -cloudEnvironment production -hubSessionId d237fcc0-d625-11ea-aad4-f1eb8a1c896f","communication_protocol_version":"1.0.0","com.unity.ml-agents_version":"1.0.0-preview","scene_name":"FlowerIsland","end_time_seconds":"1596554903"}}